device_id,user_id
1,0
2,1
3,2
4,2
6,3
7,4
8,5
9,6
10,7
10,8
11,9
12,10
13,10
14,10
16,11
17,12
17,13
20,14
21,15
22,16
23,16
24,17
25,18
27,19
27,20
28,21
31,22
32,23
33,23
34,24
35,25
39,26
41,27
42,28
44,29
45,30
46,31
47,32
48,33
48,34
49,35
50,36
52,37
53,38
55,39
57,40
59,41
60,42
62,43
64,44
65,44
67,45
68,46
70,47
71,48
72,49
74,50
75,51
78,52
79,53
80,54
81,55
82,56
82,57
83,58
83,59
84,60
85,61
87,62
88,63
88,64
89,65
90,66
91,66
92,67
93,68
94,68
95,69
96,70
97,71
98,72
100,72
101,73
102,74
103,75
105,76
106,76
108,77
110,78
111,79
112,80
115,81
116,82
119,83
120,84
121,84
122,85
123,86
124,87
125,87
127,88
128,88
128,89
130,90
131,91
132,92
133,93
133,94
134,95
135,96
135,97
136,98
140,99
141,100
142,101
144,102
145,103
146,104
146,105
147,106
148,107
150,107
151,108
153,108
154,109
155,110
156,111
159,112
160,113
161,113
162,114
162,115
163,116
165,117
166,118
167,119
168,120
169,121
170,122
171,123
171,124
172,125
173,126
174,127
175,128
175,129
176,130
177,131
178,132
179,133
180,134
181,135
182,136
183,137
185,138
186,139
188,140
189,141
190,142
192,143
193,144
194,145
195,145
196,146
197,146
198,147
199,148
201,149
202,150
203,151
206,152
207,153
209,153
210,154
211,155
212,156
213,157
214,158
215,159
216,160
217,161
219,162
219,163
220,164
221,165
223,166
224,167
226,168
227,169
228,170
229,171
230,172
231,172
232,173
234,174
235,175
236,176
237,177
238,178
240,179
242,180
243,181
246,182
247,183
249,184
251,185
253,186
255,187
257,188
258,189
259,190
260,191
262,192
263,193
264,194
264,195
265,196
266,197
267,198
268,199
269,200
271,201
272,202
272,203
274,204
276,205
278,205
279,206
281,207
282,208
284,208
285,209
286,210
287,211
290,212
291,213
292,214
293,215
294,216
295,217
296,218
296,219
297,220
298,221
299,221
300,221
302,222
303,223
304,224
305,225
307,226
308,226
310,227
311,228
312,229
315,230
316,231
318,232
319,233
321,234
323,235
324,236
325,237
326,237
327,238
327,239
330,240
332,241
333,242
335,243
336,244
337,245
338,245
340,245
340,246
343,247
343,248
344,249
345,250
346,251
347,252
348,253
349,254
351,255
355,256
359,257
361,258
363,259
365,260
369,261
372,262
374,262
374,263
375,264
375,265
376,266
378,267
379,268
380,268
380,269
381,270
382,271
383,272
385,273
387,274
388,275
391,276
392,277
393,278
396,279
397,279
400,280
400,281
401,282
402,283
405,284
406,285
407,286
408,287
408,288
409,289
410,290
411,291
412,292
417,293
419,294
420,295
420,296
422,297
423,298
424,299
425,300
426,301
427,302
428,303
429,304
430,305
431,306
431,307
432,308
434,309
436,310
437,311
438,312
440,313
442,314
444,315
445,316
446,317
448,318
450,319
451,320
452,321
453,322
455,323
455,324
457,325
458,326
460,327
460,328
461,329
464,330
465,330
467,331
468,332
468,333
469,334
470,335
472,336
473,336
474,337
475,338
476,339
477,340
477,341
478,342
479,342
481,342
482,343
484,344
485,345
486,346
488,347
489,348
490,349
491,350
492,351
494,352
498,353
498,354
499,355
500,356
503,357
506,358
507,359
508,360
509,361
511,362
513,363
514,364
515,364
516,365
517,366
518,366
518,367
519,368
520,369
522,370
524,371
525,372
527,373
529,374
530,375
531,376
532,377
533,378
534,379
534,380
540,381
541,382
542,383
542,384
543,385
544,386
545,387
546,388
547,389
548,390
548,391
550,392
551,393
552,394
552,395
553,396
554,397
556,398
560,399
561,399
563,400
564,401
564,402
565,403
566,404
566,405
568,406
570,407
571,408
574,409
575,410
576,411
577,412
579,413
580,413
581,414
582,415
583,416
583,417
584,418
585,419
587,420
589,421
589,422
590,423
591,424
592,425
593,426
594,427
596,428
598,429
599,429
601,430
602,431
602,432
604,433
604,434
605,435
606,436
607,437
608,437
609,438
611,439
612,440
613,441
614,442
615,442
616,443
617,444
619,445
620,446
621,447
622,448
622,449
623,450
625,451
626,451
627,452
627,453
628,454
630,455
631,456
631,457
633,458
634,459
634,460
635,461
636,462
636,463
637,464
638,465
638,466
639,467
641,468
643,469
644,470
645,471
646,472
648,473
649,474
650,475
652,476
653,477
654,478
655,479
656,480
658,481
659,482
660,483
661,484
661,485
662,486
663,487
664,488
665,489
666,490
667,491
668,492
669,493
671,494
672,495
673,496
674,497
675,498
676,499
677,500
678,500
679,501
680,502
682,503
683,504
685,504
686,505
686,506
687,507
688,508
689,509
690,510
691,511
692,512
693,512
694,513
695,514
698,515
698,516
699,517
701,518
703,519
704,520
707,521
708,522
709,522
711,523
712,524
713,525
714,526
715,527
715,528
716,529
716,530
717,531
718,532
718,533
721,534
722,535
723,536
724,537
725,538
726,539
727,540
729,541
730,542
731,543
732,544
733,545
735,546
736,547
737,548
738,549
739,550
740,551
741,552
743,553
745,554
746,555
747,556
748,557
751,557
752,558
753,559
754,560
756,561
757,562
757,563
758,564
759,565
760,566
760,567
761,568
762,569
764,569
765,570
766,571
768,572
770,572
772,573
774,573
776,574
777,575
778,576
779,577
780,578
781,579
781,580
782,581
783,581
784,582
786,583
787,584
788,585
789,585
790,586
796,587
797,588
798,589
799,590
800,591
801,592
803,593
804,594
805,595
806,596
808,597
809,597
810,598
810,599
811,600
812,601
813,602
814,603
816,604
818,605
820,606
821,607
823,608
824,609
825,610
826,611
827,612
828,613
829,614
831,615
834,616
836,617
837,618
839,619
840,619
841,620
842,621
843,622
844,622
845,623
846,624
847,625
849,625
850,626
854,627
855,628
858,629
861,630
862,631
863,631
864,632
865,633
866,634
867,635
867,636
868,637
869,638
870,639
871,640
872,641
873,642
875,643
875,644
876,645
877,646
879,647
880,648
881,649
882,650
883,651
884,652
885,653
886,654
889,655
890,656
892,657
894,658
895,659
896,660
898,661
899,662
900,663
902,663
904,664
906,665
907,666
908,667
909,668
910,669
911,670
913,671
914,672
915,673
916,674
916,675
917,676
918,677
918,678
919,679
921,680
922,681
922,682
923,683
925,684
926,685
927,686
930,687
930,688
931,689
934,690
938,691
939,692
940,693
941,694
942,695
944,696
945,697
946,698
947,699
950,700
951,701
953,702
954,703
956,704
958,705
959,706
960,707
961,708
962,709
963,710
966,711
967,712
970,713
971,714
972,715
973,715
973,716
974,717
975,717
976,718
977,719
978,720
978,721
979,722
980,723
981,724
982,725
984,726
985,727
987,728
988,729
989,730
990,730
991,731
993,731
994,732
995,733
996,733
996,734
998,735
999,736
1000,737
1001,738
1004,739
1005,740
1007,741
1012,742
1012,743
1013,744
1014,745
1015,745
1016,746
1017,747
1018,748
1020,749
1022,750
1023,751
1024,752
1025,753
1026,754
1027,755
1028,756
1028,757
1029,758
1030,759
1031,760
1033,761
1034,762
1036,763
1038,764
1039,765
1039,766
1040,767
1041,768
1042,769
1043,770
1043,771
1044,772
1044,773
1045,774
1047,775
1048,776
1049,777
1050,778
1051,779
1051,780
1052,781
1053,782
1055,782
1057,783
1059,784
1060,785
1060,786
1061,787
1062,788
1063,789
1064,790
1065,791
1066,792
1067,792
1069,793
1071,794
1072,795
1073,796
1074,797
1075,798
1076,799
1078,800
1080,801
1082,802
1083,803
1084,804
1085,804
1086,805
1087,806
1088,807
1089,808
1089,809
1090,810
1091,811
1092,812
1094,813
1095,814
1096,815
1097,816
1099,817
1100,818
1101,818
1102,819
1103,820
1104,821
1105,822
1106,823
1107,824
1108,824
1109,825
1110,826
1111,827
1112,828
1115,829
1116,830
1116,831
1117,832
1120,833
1121,834
1123,835
1124,836
1128,837
1129,837
1130,838
1132,839
1135,840
1137,841
1138,842
1139,843
1140,843
1140,844
1141,845
1142,846
1142,847
1143,848
1145,849
1145,850
1147,851
1148,852
1149,853
1150,853
1152,854
1153,854
1154,855
1155,856
1157,857
1158,858
1159,859
1159,860
1160,861
1160,862
1161,863
1162,864
1163,865
1164,866
1165,867
1166,868
1167,869
1167,870
1168,871
1169,872
1170,873
1171,874
1172,875
1174,876
1176,877
1177,878
1178,879
1179,880
1180,881
1181,881
1182,882
1183,883
1183,884
1184,885
1186,886
1188,887
1189,888
1190,889
1191,890
1192,891
1192,892
1193,893
1194,894
1195,895
1198,895
1200,896
1201,896
1202,897
1203,898
1204,899
1206,900
1207,900
1208,901
1210,901
1211,902
1212,903
1215,904
1216,905
1217,906
1219,907
1220,908
1222,908
1223,909
1224,910
1225,911
1226,912
1226,913
1227,914
1228,914
1229,915
1230,916
1232,917
1237,918
1238,919
1240,920
1241,920
1242,921
1243,922
1245,923
1246,924
1249,925
1249,926
1250,927
1251,928
1252,929
1253,929
1254,930
1255,930
1258,931
1259,932
1260,933
1261,934
1263,935
1264,936
1266,937
1268,938
1269,939
1270,939
1273,940
1274,941
1276,942
1277,943
1277,944
1279,945
1280,946
1281,947
1284,948
1285,949
1286,949
1287,950
1288,951
1289,952
1290,953
1291,954
1292,955
1293,956
1296,957
1297,958
1299,959
1300,960
1302,961
1303,962
1304,962
1305,962
1306,963
1310,964
1311,965
1313,966
1314,967
1315,968
1316,969
1318,970
1320,970
1322,971
1323,972
1325,973
1327,974
1327,975
1328,976
1330,977
1331,978
1332,979
1333,980
1335,981
1336,982
1336,983
1337,984
1339,984
1340,984
1341,985
1342,986
1345,987
1346,988
1347,989
1348,990
1349,991
1349,992
1351,993
1352,994
1353,995
1353,996
1356,997
1357,998
1358,999
1359,1000
1360,1001
1361,1002
1363,1003
1364,1003
1365,1004
1366,1005
1367,1006
1368,1006
1369,1007
1371,1008
1372,1009
1373,1010
1373,1011
1376,1012
1378,1013
1379,1014
1380,1015
1381,1015
1383,1016
1384,1017
1384,1018
1385,1019
1386,1020
1387,1021
1391,1022
1391,1023
1392,1024
1393,1025
1395,1026
1396,1027
1397,1028
1398,1029
1399,1030
1400,1031
1401,1032
1402,1033
1405,1034
1409,1035
1410,1036
1413,1037
1414,1038
1415,1039
1416,1040
1416,1041
1419,1042
1420,1042
1423,1043
1424,1044
1425,1045
1426,1046
1427,1047
1428,1048
1430,1049
1431,1050
1432,1051
1433,1052
1434,1053
1435,1054
1436,1055
1437,1055
1439,1056
1440,1057
1441,1058
1442,1059
1443,1060
1444,1061
1446,1062
1447,1063
1449,1064
1449,1065
1451,1066
1452,1067
1453,1068
1456,1068
1458,1069
1459,1070
1460,1071
1461,1072
1463,1073
1465,1074
1466,1075
1467,1076
1469,1077
1470,1078
1471,1079
1472,1080
1474,1081
1475,1082
1476,1083
1477,1084
1478,1085
1481,1086
1484,1087
1485,1087
1486,1088
1487,1089
1487,1090
1488,1091
1490,1092
1492,1093
1493,1094
1494,1095
1496,1096
1497,1096
1498,1097
1499,1097
1500,1098
1501,1098
1502,1099
1503,1100
1503,1101
1504,1102
1505,1103
1506,1104
1507,1105
1508,1106
1510,1107
1511,1108
1512,1109
1513,1110
1513,1111
1514,1112
1516,1113
1517,1114
1518,1115
1520,1116
1523,1117
1524,1117
1526,1118
1527,1119
1529,1119
1530,1120
1531,1121
1532,1122
1533,1122
1536,1123
1538,1123
1540,1124
1541,1125
1541,1126
1542,1127
1544,1128
1545,1129
1547,1130
1548,1131
1549,1132
1550,1133
1551,1134
1555,1135
1555,1136
1556,1137
1556,1138
1557,1139
1559,1140
1560,1140
1561,1141
1562,1142
1563,1143
1566,1144
1567,1145
1569,1146
1570,1147
1572,1148
1573,1149
1574,1150
1576,1151
1578,1152
1579,1153
1580,1154
1584,1155
1585,1156
1586,1157
1588,1158
1590,1158
1591,1159
1592,1160
1594,1161
1597,1162
1598,1163
1599,1164
1600,1165
1601,1166
1602,1167
1603,1168
1604,1169
1605,1170
1606,1171
1607,1172
1608,1173
1609,1174
1610,1175
1611,1176
1614,1177
1616,1178
1619,1178
1624,1179
1625,1180
1626,1181
1627,1182
1628,1183
1629,1184
1629,1185
1630,1186
1631,1187
1632,1187
1633,1188
1634,1189
1635,1190
1638,1190
1640,1191
1642,1192
1644,1193
1645,1193
1645,1194
1646,1195
1647,1196
1648,1197
1649,1197
1650,1198
1652,1199
1653,1200
1655,1201
1656,1202
1657,1202
1659,1203
1660,1204
1661,1205
1666,1206
1667,1207
1668,1208
1668,1209
1669,1210
1670,1211
1672,1211
1674,1212
1677,1213
1677,1214
1678,1215
1679,1216
1680,1217
1681,1217
1682,1218
1682,1219
1683,1220
1683,1221
1685,1222
1686,1223
1686,1224
1687,1225
1688,1226
1689,1227
1690,1228
1692,1228
1695,1229
1696,1230
1697,1231
1698,1232
1699,1233
1701,1234
1702,1235
1703,1236
1704,1237
1706,1238
1708,1239
1709,1240
1710,1241
1710,1242
1713,1243
1714,1244
1716,1245
1718,1246
1719,1247
1722,1248
1725,1249
1726,1250
1727,1251
1728,1252
1729,1253
1730,1254
1731,1255
1732,1256
1735,1257
1736,1258
1737,1259
1739,1259
1740,1259
1741,1260
1742,1260
1743,1261
1744,1262
1746,1263
1747,1264
1748,1265
1749,1266
1749,1267
1750,1268
1751,1268
1754,1268
1755,1269
1756,1270
1758,1271
1759,1272
1760,1272
1760,1273
1761,1274
1761,1275
1762,1276
1763,1277
1764,1278
1765,1279
1766,1280
1768,1281
1769,1282
1773,1283
1776,1284
1780,1284
1781,1285
1783,1286
1783,1287
1784,1288
1785,1289
1786,1290
1786,1291
1787,1292
1788,1293
1790,1294
1792,1295
1793,1296
1793,1297
1794,1298
1798,1299
1799,1300
1800,1301
1801,1302
1802,1303
1803,1304
1803,1305
1804,1306
1805,1307
1805,1308
1806,1309
1807,1310
1809,1311
1810,1311
1818,1311
1819,1312
1821,1313
1822,1314
1823,1315
1823,1316
1827,1317
1831,1318
1832,1319
1834,1320
1835,1321
1836,1322
1837,1323
1838,1323
1839,1324
1840,1325
1845,1326
1846,1327
1847,1328
1848,1329
1849,1330
1851,1331
1853,1332
1854,1333
1857,1334
1858,1335
1859,1335
1860,1336
1861,1337
1863,1338
1864,1339
1866,1340
1867,1340
1867,1341
1870,1342
1871,1343
1872,1343
1874,1344
1876,1344
1877,1345
1878,1346
1879,1347
1880,1348
1882,1349
1883,1350
1885,1351
1889,1352
1889,1353
1890,1354
1893,1355
1898,1356
1899,1357
1900,1358
1901,1359
1901,1360
1903,1361
1904,1362
1905,1363
1906,1364
1908,1365
1909,1366
1911,1367
1911,1368
1912,1369
1913,1370
1914,1371
1915,1372
1916,1372
1917,1373
1919,1374
1920,1375
1923,1376
1924,1377
1927,1378
1928,1379
1929,1380
1932,1381
1934,1382
1934,1383
1935,1384
1935,1385
1936,1386
1937,1386
1938,1387
1940,1388
1941,1389
1942,1390
1944,1391
1945,1391
1946,1392
1947,1393
1948,1394
1950,1395
1951,1396
1953,1397
1954,1398
1956,1399
1957,1400
1958,1401
1960,1401
1961,1402
1962,1402
1963,1403
1964,1404
1965,1404
1966,1405
1968,1406
1969,1407
1971,1408
1972,1409
1974,1410
1975,1410
1980,1410
1981,1411
1982,1412
1983,1413
1984,1414
1987,1415
1988,1416
1989,1417
1991,1418
1995,1419
1996,1420
1997,1421
1998,1422
2002,1423
2005,1424
2006,1425
2007,1426
2008,1427
2009,1428
2009,1429
2011,1430
2012,1431
2015,1432
2016,1433
2016,1434
2017,1435
2018,1436
2019,1437
2020,1438
2022,1439
2023,1440
2024,1441
2027,1442
2030,1443
2031,1444
2032,1445
2033,1446
2033,1447
2034,1448
2035,1449
2036,1450
2037,1451
2038,1452
2039,1453
2040,1454
2041,1455
2042,1456
2043,1457
2044,1458
2047,1459
2048,1460
2049,1461
2050,1462
2051,1463
2051,1464
2053,1465
2055,1466
2056,1467
2058,1468
2059,1469
2060,1470
2061,1471
2063,1472
2064,1473
2065,1474
2066,1475
2067,1476
2069,1477
2069,1478
2070,1479
2071,1480
2073,1481
2074,1482
2075,1483
2076,1484
2078,1485
2080,1486
2081,1487
2081,1488
2082,1489
2084,1489
2085,1490
2086,1491
2090,1492
2093,1493
2094,1493
2095,1494
2097,1495
2098,1496
2099,1497
2100,1498
2101,1499
2103,1500
2106,1501
2109,1502
2110,1503
2111,1504
2112,1505
2113,1506
2114,1507
2116,1508
2117,1509
2117,1510
2119,1511
2120,1512
2121,1513
2122,1514
2126,1515
2128,1516
2129,1517
2130,1518
2131,1519
2132,1520
2133,1521
2135,1522
2136,1523
2137,1524
2138,1525
2140,1526
2141,1527
2143,1528
2144,1529
2147,1530
2147,1531
2148,1532
2149,1533
2150,1534
2151,1535
2153,1536
2154,1537
2155,1537
2156,1537
2157,1538
2159,1539
2160,1540
2161,1541
2162,1542
2164,1543
2165,1544
2166,1545
2167,1546
2168,1547
2170,1548
2171,1549
2174,1550
2175,1551
2177,1552
2178,1553
2180,1554
2181,1555
2182,1556
2182,1557
2183,1558
2185,1559
2186,1560
2187,1561
2188,1561
2190,1562
2191,1563
2192,1564
2192,1565
2193,1566
2194,1567
2195,1568
2196,1569
2197,1570
2199,1571
2200,1572
2201,1573
2202,1573
2203,1574
2206,1575
2207,1576
2208,1577
2211,1578
2212,1579
2214,1580
2215,1581
2217,1582
2218,1583
2221,1584
2222,1584
2223,1585
2225,1586
2226,1587
2227,1588
2228,1589
2231,1590
2232,1591
2234,1592
2235,1593
2236,1594
2238,1595
2241,1596
2242,1596
2243,1597
2244,1598
2245,1599
2247,1600
2248,1601
2249,1602
2250,1602
2252,1603
2253,1603
2254,1604
2255,1605
2257,1605
2257,1606
2260,1607
2262,1608
2263,1609
2264,1610
2265,1611
2265,1612
2266,1613
2267,1614
2268,1614
2270,1615
2271,1616
2272,1617
2272,1618
2273,1619
2273,1620
2274,1621
2276,1622
2279,1623
2279,1624
2280,1625
2281,1626
2282,1627
2283,1628
2284,1629
2285,1630
2286,1631
2287,1632
2288,1633
2289,1634
2290,1635
2290,1636
2294,1637
2294,1638
2295,1639
2295,1640
2296,1641
2297,1641
2298,1642
2299,1643
2300,1644
2301,1645
2302,1646
2302,1647
2305,1648
2306,1649
2307,1650
2308,1651
2309,1652
2310,1653
2311,1654
2313,1655
2314,1656
2317,1657
2319,1658
2321,1658
2321,1659
2322,1660
2324,1661
2325,1662
2327,1663
2328,1664
2329,1665
2331,1665
2333,1666
2334,1667
2335,1668
2337,1669
2338,1670
2339,1671
2340,1672
2341,1673
2342,1674
2343,1675
2344,1676
2345,1677
2346,1678
2346,1679
2347,1680
2348,1681
2349,1682
2350,1683
2353,1684
2356,1685
2357,1686
2358,1687
2360,1688
2361,1689
2363,1690
2365,1691
2366,1692
2367,1693
2368,1694
2369,1695
2370,1696
2372,1697
2376,1698
2377,1699
2378,1700
2379,1701
2381,1702
2381,1703
2383,1704
2386,1704
2386,1705
2387,1706
2387,1707
2388,1708
2390,1708
2391,1709
2392,1710
2393,1711
2394,1712
2396,1712
2397,1713
2399,1714
2400,1714
2402,1715
2402,1716
2404,1717
2405,1718
2406,1719
2408,1720
2409,1721
2411,1722
2411,1723
2412,1724
2414,1725
2415,1726
2416,1727
2417,1728
2420,1728
2421,1728
2422,1729
2423,1730
2424,1731
2426,1732
2427,1733
2429,1734
2430,1735
2432,1736
2433,1737
2434,1738
2435,1738
2438,1739
2439,1740
2440,1741
2441,1742
2442,1743
2443,1744
2444,1745
2445,1746
2447,1747
2448,1748
2449,1749
2450,1750
2450,1751
2451,1752
2452,1753
2453,1754
2454,1755
2455,1755
2456,1756
2457,1757
2458,1758
2460,1759
2461,1760
2462,1761
2464,1762
2468,1763
2469,1763
2470,1764
2471,1764
2472,1765
2474,1765
2474,1766
2475,1767
2476,1768
2477,1769
2478,1770
2479,1771
2480,1772
2481,1772
2482,1773
2483,1774
2484,1775
2485,1776
2487,1777
2489,1778
2490,1779
2491,1779
2492,1780
2493,1781
2494,1782
2495,1783
2498,1784
2499,1785
2501,1786
2502,1787
2503,1788
2504,1789
2505,1790
2505,1791
2506,1792
2507,1793
2508,1794
2511,1795
2512,1795
2513,1796
2515,1797
2516,1798
2517,1799
2518,1799
2521,1800
2522,1801
2522,1802
2523,1803
2525,1803
2526,1804
2527,1804
2528,1805
2531,1806
2532,1807
2533,1808
2534,1809
2536,1810
2537,1811
2538,1812
2539,1813
2540,1813
2541,1814
2542,1814
2545,1815
2545,1816
2546,1817
2548,1818
2549,1819
2551,1820
2552,1821
2553,1822
2554,1823
2555,1824
2557,1825
2560,1826
2561,1826
2562,1827
2563,1828
2564,1829
2565,1830
2565,1831
2567,1832
2568,1833
2569,1833
2571,1834
2573,1835
2575,1836
2576,1837
2576,1838
2577,1839
2578,1840
2579,1841
2579,1842
2580,1843
2581,1844
2582,1845
2583,1846
2584,1847
2585,1847
2586,1847
2586,1848
2587,1849
2588,1850
2589,1851
2590,1851
2591,1852
2592,1853
2593,1854
2594,1855
2595,1856
2599,1857
2601,1858
2602,1859
2603,1860
2605,1861
2607,1862
2608,1863
2609,1864
2610,1865
2611,1866
2612,1867
2613,1868
2614,1869
2615,1870
2617,1871
2618,1872
2619,1873
2620,1874
2623,1875
2626,1876
2627,1877
2628,1878
2629,1879
2630,1880
2630,1881
2631,1882
2632,1883
2633,1884
2636,1885
2639,1886
2640,1887
2642,1888
2642,1889
2644,1890
2645,1891
2648,1892
2652,1893
2654,1894
2659,1895
2660,1896
2661,1897
2663,1898
2664,1899
2664,1900
2667,1901
2668,1902
2669,1903
2670,1904
2671,1905
2675,1906
2676,1907
2677,1908
2678,1909
2679,1910
2679,1911
2682,1912
2683,1913
2685,1914
2686,1915
2687,1916
2688,1917
2690,1918
2691,1919
2692,1920
2695,1921
2696,1922
2697,1923
2698,1924
2699,1925
2700,1926
2700,1927
2701,1928
2702,1929
2703,1930
2704,1931
2706,1931
2707,1932
2708,1933
2710,1933
2712,1933
2715,1934
2716,1935
2718,1936
2719,1937
2720,1938
2722,1939
2724,1940
2725,1941
2726,1941
2727,1941
2729,1942
2730,1943
2731,1944
2732,1945
2733,1946
2734,1947
2736,1948
2738,1949
2740,1950
2741,1951
2743,1952
2744,1952
2745,1952
2746,1953
2747,1954
2747,1955
2748,1956
2750,1957
2752,1958
2754,1959
2755,1959
2756,1959
2757,1960
2758,1961
2760,1962
2762,1963
2763,1964
2764,1965
2765,1966
2767,1967
2768,1968
2770,1969
2771,1970
2772,1971
2773,1971
2774,1972
2777,1973
2780,1974
2781,1975
2782,1976
2783,1977
2784,1977
2785,1978
2789,1979
2790,1980
2791,1981
2792,1982
2794,1983
2795,1984
2796,1985
2797,1986
2799,1987
2799,1988
2800,1989
2801,1990
2804,1991
2804,1992
2805,1993
2807,1993
2808,1994
2810,1995
2811,1996
2812,1997
2813,1998
2814,1999
2817,2000
2818,2001
2819,2002
2820,2003
2822,2004
2825,2005
2826,2006
2828,2006
2829,2007
2830,2008
2831,2009
2832,2010
2833,2011
2836,2012
2837,2013
2839,2014
2842,2014
2843,2015
2843,2016
2844,2017
2845,2018
2846,2019
2847,2019
2848,2020
2849,2021
2850,2022
2851,2023
2852,2024
2852,2025
2854,2026
2855,2027
2856,2028
2858,2029
2862,2030
2863,2031
2865,2032
2866,2033
2868,2034
2869,2035
2872,2036
2873,2037
2874,2038
2875,2039
2876,2040
2879,2041
2880,2042
2881,2043
2884,2044
2885,2045
2886,2046
2887,2046
2889,2047
2890,2048
2891,2048
2894,2049
2895,2050
2896,2051
2897,2052
2898,2053
2899,2054
2900,2055
2901,2056
2903,2057
2904,2058
2905,2059
2906,2060
2907,2061
2907,2062
2908,2063
2910,2063
2911,2064
2913,2065
2913,2066
2916,2067
2917,2068
2918,2069
2918,2070
2919,2071
2921,2072
2923,2073
2924,2074
2925,2075
2926,2076
2927,2077
2929,2078
2930,2078
2931,2079
2932,2080
2935,2081
2936,2082
2937,2083
2938,2084
2940,2085
2943,2086
2945,2087
2946,2088
2947,2089
2952,2090
2954,2091
2957,2092
2958,2092
2959,2093
2961,2094
2962,2095
2964,2096
2965,2097
2966,2098
2969,2099
2971,2100
2973,2101
2974,2102
2975,2103
2978,2104
2979,2105
2981,2106
2983,2107
2984,2108
2986,2109
2987,2110
2988,2111
2988,2112
2989,2113
2991,2114
2992,2115
2994,2116
2995,2117
2996,2118
2999,2119
3000,2120
3002,2121
3003,2122
3004,2123
3006,2124
3007,2125
3009,2126
3009,2127
3010,2128
3013,2129
3014,2130
3015,2131
3017,2132
3018,2133
3019,2134
3021,2135
3023,2136
3026,2137
3028,2138
3030,2139
3031,2140
3032,2141
3033,2142
3038,2143
3039,2144
3040,2145
3042,2146
3043,2147
3044,2148
3046,2149
3047,2150
3049,2151
3049,2152
3051,2153
3051,2154
3053,2155
3054,2156
3055,2157
3056,2158
3058,2159
3059,2160
3060,2161
3063,2162
3064,2163
3065,2164
3066,2165
3067,2166
3068,2167
3069,2168
3069,2169
3070,2170
3071,2171
3072,2172
3073,2173
3074,2174
3075,2174
3076,2175
3076,2176
3078,2177
3079,2178
3080,2179
3080,2180
3081,2181
3084,2181
3085,2182
3086,2183
3087,2184
3089,2184
3091,2185
3092,2186
3094,2187
3096,2188
3096,2189
3097,2190
3098,2191
3099,2192
3100,2193
3102,2193
3103,2194
3104,2195
3104,2196
3105,2197
3106,2197
3107,2198
3109,2199
3111,2200
3112,2200
3114,2201
3115,2202
3116,2203
3118,2204
3119,2205
3120,2206
3121,2207
3122,2208
3123,2209
3124,2210
3126,2211
3127,2212
3128,2213
3128,2214
3129,2215
3130,2216
3130,2217
3131,2218
3132,2219
3133,2220
3135,2221
3136,2222
3140,2222
3141,2223
3142,2223
3144,2224
3145,2225
3146,2226
3151,2226
3152,2227
3153,2228
3156,2229
3157,2230
3158,2231
3158,2232
3159,2233
3162,2234
3162,2235
3163,2236
3164,2237
3165,2238
3167,2239
3169,2240
3169,2241
3170,2242
3172,2243
3173,2244
3173,2245
3175,2246
3177,2247
3178,2248
3179,2249
3180,2250
3181,2250
3182,2251
3183,2252
3184,2253
3185,2254
3186,2255
3188,2256
3189,2257
3190,2258
3192,2259
3193,2260
3193,2261
3194,2262
3195,2263
3198,2264
3200,2265
3201,2266
3201,2267
3202,2268
3203,2269
3206,2270
3208,2271
3211,2272
3212,2273
3215,2274
3215,2275
3217,2276
3217,2277
3219,2278
3223,2279
3224,2280
3225,2281
3226,2282
3227,2283
3231,2284
3232,2285
3233,2286
3234,2287
3235,2288
3235,2289
3237,2290
3239,2291
3240,2292
3242,2293
3243,2294
3244,2295
3245,2296
3247,2297
3248,2298
3249,2299
3250,2299
3251,2300
3252,2301
3253,2302
3254,2303
3256,2304
3259,2305
3262,2306
3263,2306
3266,2307
3267,2308
3269,2309
3270,2310
3270,2311
3272,2312
3273,2313
3274,2314
3275,2314
3275,2315
3277,2316
3280,2317
3280,2318
3281,2319
3282,2320
3283,2321
3284,2322
3286,2323
3287,2324
3288,2325
3289,2326
3290,2327
3291,2328
3293,2329
3294,2330
3295,2331
3296,2332
3297,2333
3297,2334
3301,2335
3302,2336
3304,2337
3305,2338
3307,2339
3308,2340
3309,2341
3310,2342
3311,2343
3312,2344
3314,2345
3314,2346
3315,2347
3316,2348
3317,2349
3320,2350
3320,2351
3323,2352
3325,2353
3326,2353
3328,2354
3329,2355
3330,2355
3330,2356
3331,2357
3333,2358
3334,2359
3335,2360
3336,2361
3337,2362
3338,2363
3339,2364
3341,2365
3343,2366
3345,2367
3348,2368
3349,2369
3350,2370
3352,2370
3354,2370
3355,2371
3357,2372
3358,2373
3359,2374
3361,2375
3362,2376
3363,2377
3365,2378
3367,2379
3368,2380
3369,2381
3370,2382
3371,2383
3372,2384
3374,2385
3375,2386
3376,2387
3378,2388
3379,2389
3380,2390
3382,2391
3382,2392
3383,2393
3384,2394
3385,2395
3386,2396
3387,2397
3388,2398
3392,2399
3392,2400
3393,2401
3394,2402
3395,2403
3396,2404
3397,2405
3398,2406
3400,2407
3401,2408
3402,2409
3403,2410
3404,2410
3405,2411
3406,2412
3407,2413
3408,2414
3409,2415
3410,2416
3412,2417
3412,2418
3413,2419
3413,2420
3414,2421
3415,2422
3416,2423
3417,2424
3419,2425
3420,2426
3422,2427
3424,2428
3424,2429
3426,2430
3427,2431
3430,2432
3431,2433
3432,2433
3433,2434
3434,2434
3435,2435
3436,2436
3437,2437
3437,2438
3439,2439
3441,2440
3442,2441
3443,2442
3444,2443
3445,2444
3446,2445
3447,2446
3448,2447
3449,2448
3450,2449
3451,2449
3451,2450
3452,2451
3453,2452
3454,2453
3457,2454
3458,2455
3461,2455
3463,2456
3464,2457
3465,2458
3466,2459
3466,2460
3467,2461
3468,2461
3469,2462
3471,2463
3472,2464
3474,2465
3477,2466
3478,2467
3479,2468
3481,2469
3481,2470
3482,2471
3485,2472
3486,2473
3486,2474
3487,2475
3488,2476
3490,2477
3492,2478
3493,2479
3494,2480
3494,2481
3495,2482
3495,2483
3496,2484
3496,2485
3497,2486
3499,2487
3500,2488
3501,2489
3501,2490
3503,2491
3504,2492
3505,2493
3507,2494
3508,2495
3509,2496
3511,2497
3512,2498
3513,2499
3514,2500
3517,2501
3519,2502
3521,2503
3526,2503
3526,2504
3527,2505
3527,2506
3528,2507
3530,2508
3530,2509
3531,2510
3533,2511
3534,2512
3535,2513
3536,2514
3537,2515
3538,2516
3539,2517
3540,2518
3541,2519
3542,2520
3543,2521
3543,2522
3544,2523
3545,2524
3546,2525
3547,2526
3548,2527
3549,2528
3550,2529
3551,2530
3554,2531
3556,2532
3558,2533
3559,2534
3561,2534
3562,2535
3565,2536
3567,2537
3569,2538
3570,2539
3571,2540
3575,2541
3576,2542
3577,2543
3579,2544
3580,2545
3581,2546
3582,2546
3583,2547
3583,2548
3585,2549
3585,2550
3586,2551
3588,2552
3589,2552
3589,2553
3592,2554
3593,2555
3594,2556
3595,2557
3597,2557
3597,2558
3598,2559
3601,2560
3602,2561
3604,2562
3605,2563
3606,2564
3608,2565
3610,2566
3611,2566
3613,2567
3614,2568
3614,2569
3615,2570
3616,2571
3617,2571
3618,2572
3619,2573
3621,2574
3622,2575
3623,2576
3623,2577
3624,2578
3625,2578
3627,2578
3629,2578
3630,2579
3634,2580
3635,2581
3637,2582
3638,2583
3639,2584
3640,2584
3641,2585
3642,2586
3643,2587
3643,2588
3644,2589
3645,2590
3646,2591
3650,2592
3652,2593
3654,2594
3655,2595
3658,2596
3659,2597
3661,2598
3663,2599
3664,2600
3665,2601
3666,2601
3667,2602
3668,2603
3669,2604
3672,2605
3673,2606
3674,2607
3675,2608
3676,2609
3677,2610
3680,2611
3681,2612
3682,2613
3684,2614
3686,2615
3688,2616
3689,2617
3690,2618
3691,2619
3693,2620
3694,2621
3695,2622
3696,2623
3696,2624
3697,2625
3698,2626
3700,2627
3701,2628
3702,2628
3703,2629
3704,2630
3705,2631
3707,2632
3708,2633
3709,2634
3710,2635
3713,2636
3713,2637
3715,2638
3716,2639
3719,2640
3719,2641
3720,2642
3722,2643
3724,2644
3725,2645
3725,2646
3726,2647
3727,2648
3728,2649
3730,2650
3731,2651
3733,2652
3734,2653
3737,2654
3744,2655
3748,2656
3749,2657
3749,2658
3751,2659
3754,2660
3755,2661
3756,2661
3757,2662
3758,2663
3761,2664
3761,2665
3762,2666
3763,2667
3763,2668
3767,2669
3768,2670
3769,2671
3771,2671
3772,2672
3773,2673
3774,2674
3775,2675
3776,2676
3777,2677
3778,2678
3780,2679
3782,2680
3783,2681
3785,2682
3786,2683
3787,2684
3788,2685
3789,2686
3791,2687
3794,2688
3795,2689
3795,2690
3796,2691
3797,2692
3798,2693
3800,2694
3801,2695
3802,2696
3803,2696
3805,2697
3807,2698
3808,2699
3811,2700
3812,2700
3813,2701
3814,2701
3817,2702
3818,2703
3819,2704
3822,2705
3823,2706
3824,2707
3826,2708
3826,2709
3827,2710
3828,2711
3829,2712
3832,2713
3833,2713
3835,2714
3837,2715
3838,2716
3839,2717
3841,2718
3842,2719
3843,2720
3844,2721
3845,2722
3847,2722
3848,2723
3850,2724
3851,2725
3852,2726
3855,2727
3857,2728
3858,2729
3859,2730
3860,2731
3860,2732
3861,2733
3862,2734
3862,2735
3863,2736
3864,2737
3865,2738
3866,2738
3868,2739
3869,2740
3870,2741
3871,2742
3872,2743
3873,2744
3875,2745
3876,2746
3878,2747
3878,2748
3881,2749
3883,2750
3885,2751
3886,2752
3888,2753
3891,2754
3892,2755
3894,2756
3896,2757
3898,2758
3899,2759
3900,2759
3900,2760
3901,2761
3906,2762
3907,2763
3908,2764
3909,2764
3911,2765
3913,2766
3914,2767
3915,2767
3916,2768
3919,2769
3921,2770
3922,2771
3924,2772
3925,2773
3928,2774
3931,2775
3932,2776
3934,2777
3935,2778
3936,2779
3936,2780
3937,2781
3939,2782
3940,2783
3941,2784
3942,2785
3943,2786
3943,2787
3944,2788
3946,2789
3947,2790
3949,2791
3950,2792
3953,2793
3956,2794
3957,2795
3958,2796
3959,2797
3961,2798
3962,2799
3964,2799
3965,2800
3969,2801
3971,2802
3972,2802
3973,2803
3973,2804
3974,2805
3977,2806
3980,2807
3982,2807
3983,2808
3984,2809
3985,2810
3988,2811
3989,2812
3990,2813
3991,2814
3992,2815
3994,2816
3996,2817
3997,2818
3997,2819
3998,2820
3999,2821
4002,2822
4003,2823
4004,2824
4005,2825
4006,2826
4007,2826
4008,2827
4010,2828
4011,2829
4012,2830
4013,2831
4014,2832
4015,2833
4016,2834
4016,2835
4017,2836
4018,2837
4019,2838
4020,2839
4021,2840
4021,2841
4022,2842
4023,2843
4024,2844
4025,2844
4026,2845
4027,2846
4030,2847
4031,2848
4032,2849
4036,2850
4037,2851
4038,2852
4039,2853
4040,2854
4041,2855
4043,2855
4044,2856
4045,2857
4046,2858
4046,2859
4047,2860
4051,2861
4053,2862
4054,2863
4055,2864
4055,2865
4056,2866
4056,2867
4058,2868
4059,2868
4060,2869
4060,2870
4061,2871
4062,2872
4063,2873
4064,2874
4065,2875
4066,2876
4066,2877
4067,2878
4068,2878
4069,2878
4071,2879
4072,2880
4073,2881
4074,2882
4074,2883
4075,2884
4076,2885
4077,2886
4079,2887
4081,2888
4084,2889
4085,2890
4086,2891
4088,2892
4089,2893
4092,2894
4094,2895
4095,2896
4096,2897
4097,2898
4098,2899
4099,2900
4100,2901
4102,2902
4103,2903
4105,2904
4108,2905
4109,2906
4110,2907
4111,2908
4114,2908
4115,2909
4116,2910
4117,2911
4120,2912
4120,2913
4121,2914
4122,2915
4123,2916
4124,2917
4125,2918
4126,2919
4130,2919
4131,2920
4133,2921
4134,2922
4135,2923
4139,2924
4139,2925
4140,2926
4141,2927
4142,2928
4145,2929
4146,2929
4147,2930
4148,2931
4149,2932
4151,2933
4153,2934
4154,2935
4155,2936
4156,2937
4157,2938
4158,2939
4159,2940
4160,2941
4160,2942
4161,2943
4162,2943
4163,2944
4165,2945
4166,2946
4168,2947
4169,2948
4170,2949
4172,2950
4181,2951
4182,2952
4183,2953
4184,2953
4187,2954
4188,2955
4190,2956
4193,2957
4194,2958
4196,2959
4198,2960
4199,2961
4201,2962
4202,2963
4204,2964
4205,2965
4206,2966
4206,2967
4208,2968
4211,2969
4212,2970
4213,2971
4215,2972
4216,2973
4217,2974
4218,2975
4220,2976
4221,2977
4222,2978
4223,2979
4224,2980
4225,2981
4227,2982
4228,2982
4229,2983
4230,2983
4232,2983
4234,2984
4236,2985
4239,2986
4240,2987
4241,2988
4242,2989
4243,2990
4244,2991
4245,2992
4247,2993
4248,2994
4250,2995
4251,2996
4252,2997
4253,2998
4254,2999
4255,3000
4257,3001
4258,3002
4259,3003
4260,3004
4261,3005
4262,3006
4262,3007
4263,3008
4263,3009
4265,3010
4269,3011
4270,3012
4271,3013
4272,3014
4274,3015
4275,3015
4276,3016
4276,3017
4278,3018
4279,3019
4279,3020
4281,3021
4282,3022
4284,3023
4286,3024
4288,3024
4289,3025
4290,3026
4291,3027
4292,3028
4293,3029
4293,3030
4296,3031
4298,3032
4299,3033
4304,3034
4305,3035
4306,3036
4307,3037
4308,3038
4309,3039
4310,3040
4311,3041
4312,3042
4313,3043
4314,3044
4315,3045
4316,3046
4317,3047
4318,3048
4319,3049
4320,3050
4321,3051
4322,3051
4324,3052
4325,3053
4325,3054
4327,3055
4328,3056
4329,3057
4331,3058
4334,3059
4338,3060
4339,3061
4340,3062
4340,3063
4341,3064
4342,3065
4343,3065
4344,3066
4345,3067
4347,3068
4348,3069
4351,3070
4352,3070
4354,3071
4355,3072
4357,3073
4358,3074
4359,3074
4360,3075
4361,3076
4362,3077
4363,3077
4364,3077
4365,3078
4366,3079
4368,3080
4369,3081
4371,3082
4374,3083
4375,3083
4378,3084
4380,3085
4381,3086
4382,3087
4383,3088
4384,3089
4386,3090
4387,3091
4388,3092
4389,3093
4391,3094
4396,3095
4397,3096
4397,3097
4399,3098
4401,3099
4403,3100
4405,3100
4407,3101
4408,3102
4409,3102
4410,3103
4414,3104
4415,3105
4417,3106
4417,3107
4420,3108
4423,3108
4423,3109
4424,3110
4425,3111
4426,3112
4427,3113
4428,3114
4429,3115
4430,3116
4432,3117
4434,3118
4435,3119
4438,3120
4441,3121
4445,3121
4446,3122
4447,3123
4448,3124
4448,3125
4452,3126
4453,3127
4454,3128
4455,3129
4456,3130
4458,3131
4459,3132
4459,3133
4460,3134
4460,3135
4463,3136
4464,3137
4465,3138
4466,3139
4467,3140
4468,3141
4470,3142
4470,3143
4472,3144
4473,3145
4475,3146
4476,3147
4478,3148
4478,3149
4479,3150
4483,3151
4484,3152
4485,3153
4487,3154
4488,3154
4488,3155
4489,3156
4490,3157
4491,3158
4492,3159
4493,3160
4495,3161
4498,3162
4499,3163
4500,3163
4501,3164
4502,3164
4503,3165
4504,3166
4504,3167
4505,3168
4506,3169
4507,3169
4508,3170
4509,3171
4510,3172
4511,3173
4512,3173
4512,3174
4513,3175
4513,3176
4514,3177
4515,3178
4516,3179
4517,3180
4517,3181
4518,3182
4519,3183
4520,3183
4522,3184
4523,3185
4525,3186
4526,3187
4530,3188
4531,3189
4533,3190
4534,3191
4535,3192
4537,3193
4538,3194
4539,3195
4540,3196
4540,3197
4541,3198
4542,3198
4544,3199
4546,3200
4546,3201
4547,3202
4548,3203
4549,3204
4551,3205
4552,3206
4553,3207
4554,3208
4557,3209
4558,3210
4559,3211
4561,3212
4562,3213
4562,3214
4565,3215
4566,3216
4567,3217
4571,3217
4572,3218
4573,3219
4574,3220
4574,3221
4575,3222
4578,3222
4579,3223
4581,3223
4583,3224
4585,3225
4586,3226
4586,3227
4587,3228
4589,3229
4591,3230
4592,3231
4593,3231
4594,3232
4596,3233
4597,3234
4601,3235
4602,3236
4603,3237
4604,3238
4605,3239
4606,3240
4607,3241
4608,3242
4609,3243
4610,3244
4612,3245
4613,3245
4615,3245
4616,3246
4617,3247
4618,3248
4619,3249
4621,3250
4622,3251
4623,3252
4623,3253
4627,3254
4628,3255
4629,3255
4630,3256
4632,3257
4633,3258
4635,3259
4636,3259
4637,3260
4638,3261
4640,3262
4641,3263
4642,3264
4645,3265
4646,3265
4648,3266
4650,3267
4651,3268
4651,3269
4653,3270
4654,3271
4655,3272
4657,3273
4658,3274
4659,3275
4660,3276
4661,3277
4662,3278
4663,3279
4665,3280
4667,3281
4668,3282
4669,3283
4671,3284
4673,3285
4675,3286
4677,3287
4679,3288
4680,3289
4680,3290
4681,3291
4682,3292
4683,3293
4684,3294
4685,3295
4686,3296
4687,3297
4688,3298
4689,3299
4691,3300
4692,3300
4693,3301
4694,3302
4695,3303
4695,3304
4698,3305
4699,3306
4700,3307
4702,3308
4702,3309
4704,3310
4705,3311
4706,3312
4707,3313
4708,3314
4710,3314
4711,3314
4712,3315
4713,3316
4714,3317
4716,3318
4717,3319
4718,3319
4719,3320
4720,3321
4721,3322
4722,3323
4723,3324
4724,3324
4724,3325
4727,3326
4729,3327
4731,3328
4738,3329
4740,3330
4741,3331
4742,3332
4743,3333
4746,3334
4747,3334
4748,3335
4750,3335
4752,3336
4753,3337
4754,3338
4756,3339
4759,3340
4760,3340
4761,3341
4763,3342
4765,3342
4766,3343
4769,3344
4770,3345
4771,3346
4772,3347
4774,3348
4777,3349
4778,3350
4780,3351
4782,3352
4784,3353
4786,3354
4788,3354
4790,3355
4791,3356
4792,3357
4793,3358
4795,3359
4796,3360
4797,3361
4798,3361
4803,3362
4804,3363
4805,3364
4806,3365
4807,3366
4808,3367
4812,3368
4815,3369
4816,3370
4817,3371
4819,3372
4819,3373
4820,3374
4821,3375
4822,3376
4825,3377
4826,3377
4829,3378
4831,3379
4832,3379
4833,3380
4836,3381
4838,3382
4839,3382
4842,3383
4842,3384
4843,3385
4844,3386
4845,3386
4846,3387
4847,3387
4849,3388
4850,3389
4852,3389
4853,3390
4855,3391
4856,3392
4857,3393
4858,3394
4861,3395
4862,3396
4865,3396
4866,3397
4870,3398
4872,3399
4873,3400
4874,3401
4875,3402
4877,3403
4878,3404
4879,3405
4881,3405
4882,3406
4883,3407
4884,3408
4885,3409
4886,3410
4886,3411
4887,3412
4888,3413
4889,3414
4890,3415
4892,3415
4894,3416
4895,3417
4896,3418
4897,3419
4899,3420
4900,3421
4903,3422
4904,3423
4906,3424
4906,3425
4907,3426
4907,3427
4908,3428
4909,3429
4910,3430
4910,3431
4911,3432
4912,3433
4914,3433
4915,3434
4916,3435
4917,3436
4918,3437
4919,3438
4922,3439
4923,3440
4925,3441
4927,3442
4929,3443
4930,3444
4934,3445
4935,3445
4937,3446
4938,3447
4939,3448
4940,3449
4942,3450
4943,3451
4946,3451
4947,3452
4948,3453
4950,3454
4952,3455
4953,3456
4954,3457
4955,3458
4957,3459
4958,3459
4959,3460
4959,3461
4961,3462
4962,3463
4964,3464
4965,3464
4966,3465
4967,3466
4968,3467
4970,3467
4972,3468
4973,3469
4974,3470
4975,3470
4976,3471
4977,3472
4977,3473
4978,3474
4979,3475
4980,3476
4981,3477
4982,3478
4982,3479
4986,3480
4987,3481
4989,3482
4990,3483
4991,3484
4992,3485
4993,3486
4995,3487
4996,3488
4997,3489
4998,3490
4999,3490
